,borough,geometry,ZipCode,NumFloors,BldgFront,BldgDepth,IrrLotCode,km_labels,sum,db_labels
0,Manhattan,"POLYGON ((-73.92062094847111 40.873001790648, -73.92004301142987 40.87328085642061, -73.91992567417194 40.87369184797123, -73.92061337709801 40.87420741677352, -73.92117050413519 40.87511564196837, -73.92086316245471 40.875473023509, -73.91884517214379 40.87463432394893, -73.91920517688847 40.87416161135756, -73.91927190176753 40.87367459026981, -73.91885909301133 40.87327094952586, -73.91849675425777 40.87316630507445, -73.91862125902811 40.87340252890029, -73.9182029713611 40.87378796453888, -73.91641162702295 40.87450886437377, -73.91527247053203 40.87450297739576, -73.9118534356237 40.87349336173671, -73.91118833683441 40.87298048828956, -73.91050845587476 40.87197006963375, -73.91042098768318 40.87138566655357, -73.91072530554307 40.87096064746417, -73.9108519258719 40.86964124094502, -73.9109569098991 40.86939868073043, -73.9113512351059 40.86952645666467, -73.91147145738755 40.86943390214584, -73.91105118136547 40.86914826078882, -73.91110306748172 40.86895974285592, -73.91132856688294 40.86879113407673, -73.91185599855892 40.86764209787695, -73.9127153530512 40.86661106040886, -73.91254931956774 40.86650556661796, -73.91391874503513 40.86475741235393, -73.9159079965429 40.86428512166971, -73.9158838879725 40.86413810633444, -73.91517582431223 40.8639260439953, -73.91548575386129 40.86313187179303, -73.91630303023358 40.86233680530704, -73.91718702447028 40.86182113812335, -73.91839082176477 40.86010673736408, -73.91937975185142 40.8605271899311, -73.91984623747398 40.85989780558094, -73.92162345373781 40.86077473455689, -73.92294998965674 40.85886899435125, -73.92730037382063 40.86553538820083, -73.92945000107098 40.86577616450916, -73.93099662801906 40.86680998270089, -73.9320552751589 40.86663292457462, -73.93297790852994 40.86510795403932, -73.93378898818895 40.8630718729956, -73.93453048454519 40.86319804411761, -73.93127671033326 40.86884361367126, -73.93213126627553 40.86945065275044, -73.93219516353292 40.87013036845043, -73.93185222958729 40.87129961123235, -73.92910621438615 40.87568655736666, -73.92807282464723 40.87657620949427, -73.92743514917515 40.87678289005562, -73.9264740098166 40.87761017023252, -73.92628034139898 40.87752718832025, -73.92635781180044 40.87716191445885, -73.92589415239756 40.87704052008282, -73.92487225896787 40.87745538129096, -73.92380491986391 40.87721734721977, -73.92301212607488 40.87721959727549, -73.92240581506144 40.87673021288177, -73.92238988945184 40.87576659825417, -73.92266538608786 40.87519946048157, -73.92255872392862 40.87429289913175, -73.92214233437066 40.87368500014021, -73.92167573929648 40.87332345442532, -73.92129125810403 40.87331317850017, -73.92115396355324 40.87306736132022, -73.92062094847111 40.873001790648))",10034,0.012594155,0.13611922099999998,0.11008000800000001,0.822261804,3,1.0810551880000001,0
1,Manhattan,"POLYGON ((-73.93213126627553 40.86945065275044, -73.93127671033326 40.86884361367126, -73.93453048454519 40.86319804411761, -73.93378898818895 40.8630718729956, -73.93484111974497 40.86145755212345, -73.93524365776949 40.86012437965909, -73.93567259775875 40.85962974162257, -73.93655167726502 40.85909503631643, -73.93768890718501 40.85765175547473, -73.93657612012709 40.85735053108442, -73.93795332222744 40.8555695731915, -73.93778769142585 40.85537404141855, -73.93355655605933 40.85414224518565, -73.92815115747896 40.8518633508023, -73.92769565158058 40.85248781200401, -73.92706993465309 40.85218083135744, -73.9270363205077 40.85161677992694, -73.92759675459841 40.85051363883426, -73.92887662242559 40.84939404108911, -73.92972702545423 40.84817792441984, -73.93062108080143 40.84848099946699, -73.93088429892219 40.84811895698896, -73.92848076688256 40.84698296784975, -73.92982993605106 40.84504504670333, -73.93149099341204 40.84573823500305, -73.93150252659382 40.84529602701996, -73.93240550181383 40.84483817917928, -73.93294766814695 40.84420971481019, -73.93328518693878 40.84411381171962, -73.93371553818378 40.84424639804946, -73.93467106288998 40.84295727251731, -73.94260999216223 40.84623030132907, -73.9420539434263 40.84831675486505, -73.9413764439321 40.84886059703847, -73.9415250644368 40.84928192353945, -73.94261461299337 40.84963960129212, -73.9425813459346 40.84973530162672, -73.94688156239715 40.8505756143882, -73.94652226898951 40.85097125952732, -73.94625670323292 40.8509383257984, -73.9461309196999 40.85117950795217, -73.94563524825244 40.85125275374769, -73.94465859315926 40.85193941938631, -73.94433312245029 40.85184701733849, -73.94346457759225 40.85230711173937, -73.94201510404143 40.85370952809815, -73.94028078276583 40.8566499011432, -73.93901057396258 40.85815000531262, -73.93836114276391 40.85931066891446, -73.93752975865353 40.86010371496398, -73.93757708419854 40.860234765519, -73.93653401311734 40.86183842510835, -73.93406287907484 40.86498642503658, -73.93245148791947 40.86752441101149, -73.93209614681545 40.86848635612702, -73.93228063765849 40.86853411212009, -73.93231397584677 40.86892258821232, -73.93256485663345 40.86901675604818, -73.93213126627553 40.86945065275044))",10033,0.022046344,0.088300539,0.05298531,0.8096723229999999,3,0.9730045159999999,0
2,Manhattan,"POLYGON ((-73.93378898818895 40.8630718729956, -73.93297790852994 40.86510795403932, -73.9320552751589 40.86663292457462, -73.93099662801906 40.86680998270089, -73.92945000107098 40.86577616450916, -73.92730037382063 40.86553538820083, -73.92294998965674 40.85886899435125, -73.92162345373781 40.86077473455689, -73.91984623747398 40.85989780558094, -73.91937975185142 40.8605271899311, -73.91839082176477 40.86010673736408, -73.91950514221432 40.85878396382665, -73.92066249474068 40.85928344548454, -73.92132876041438 40.86026678799297, -73.9214964232706 40.86022039546542, -73.92186243442794 40.85917341668799, -73.9212433090473 40.85886848491901, -73.92105324714443 40.8583505791828, -73.92075890922362 40.85814033973597, -73.920796368483 40.85798127215055, -73.92154965565973 40.85729403154336, -73.92158383846437 40.85706111219182, -73.92190904536191 40.85692356756324, -73.9219617174374 40.85668684431808, -73.92224044603769 40.85659276011493, -73.92237520262559 40.85602119753869, -73.92227051827581 40.85564294690223, -73.92431691650654 40.85301285300702, -73.92848076688256 40.84698296784975, -73.93088429892219 40.84811895698896, -73.93062108080143 40.84848099946699, -73.92972702545423 40.84817792441984, -73.92887662242559 40.84939404108911, -73.92747679283157 40.85069439936191, -73.92704554676762 40.85155528937995, -73.92710269380954 40.8522151211724, -73.92769565158058 40.85248781200401, -73.92815115747896 40.8518633508023, -73.93355655605933 40.85414224518565, -73.93778769142585 40.85537404141855, -73.93795332222744 40.8555695731915, -73.93657612012709 40.85735053108442, -73.93768890718501 40.85765175547473, -73.93655167726502 40.85909503631643, -73.93533889486473 40.85997844017621, -73.93484111974497 40.86145755212345, -73.93378898818895 40.8630718729956))",10040,0.019056654,0.137704351,0.060926166,0.840027249,3,1.05771442,0
3,Manhattan,"POLYGON ((-73.94691631035546 40.85053396462935, -73.9425813459346 40.84973530162672, -73.94261461299337 40.84963960129212, -73.9415250644368 40.84928192353945, -73.9413764439321 40.84886059703847, -73.9420539434263 40.84831675486505, -73.94260999216223 40.84623030132907, -73.93485106064718 40.84301477264741, -73.93467106288998 40.84295727251731, -73.93371553818378 40.84424639804946, -73.93299195446892 40.84418408460361, -73.93240550181383 40.84483817917928, -73.93152790646189 40.8452705293293, -73.93149099341204 40.84573823500305, -73.92982993605106 40.84504504670333, -73.93088993208328 40.8424779202543, -73.93439575536135 40.83610394068545, -73.93440160458212 40.83646901780848, -73.93506980371573 40.83567357256877, -73.93855748620817 40.83291832007009, -73.9399124624082 40.83092734327202, -73.94008773907041 40.83034967785467, -73.94107858204309 40.82908318828013, -73.94971383646286 40.83269649150552, -73.94852105078529 40.83634866699097, -73.94917082807663 40.83668014333772, -73.95035333237948 40.83270690183203, -73.95119152647304 40.83048222016762, -73.95218696274918 40.82892668637683, -73.9534708521888 40.82752592131583, -73.9545418790166 40.82786149839284, -73.95116910240419 40.83265118172919, -73.95091399534284 40.83330463429175, -73.95015909125742 40.83438417250404, -73.94954196093035 40.83660953918695, -73.94916704996425 40.83668873778727, -73.94954429666501 40.83688311385108, -73.94882846127585 40.8389157386598, -73.94738278950409 40.84194047114247, -73.94613038088204 40.84395083425571, -73.94623482148211 40.84539193331183, -73.94655744115931 40.84598305846326, -73.94635643102687 40.84622629353009, -73.94682911293692 40.8470636911263, -73.94664694075595 40.84813679202868, -73.9466763281312 40.84896569956346, -73.94705147325554 40.85023681853292, -73.94691631035546 40.85053396462935))",10032,0.026393173,0.097625752,0.054745009000000004,0.7807523590000001,3,0.9595162930000001,0
4,Manhattan,"POLYGON ((-73.94008773907041 40.83034967785467, -73.93967968247685 40.82970254686012, -73.93972862463075 40.82930186115972, -73.94384274852182 40.82364782413489, -73.94475648732869 40.82403157957557, -73.94486897851922 40.82386640413126, -73.94800732455235 40.81711652474162, -73.95087990584247 40.81839445721214, -73.95170372594359 40.81794207332058, -73.95227185224422 40.81722066710584, -73.9588738926919 40.82000554269312, -73.95820656423024 40.82085070937795, -73.95746185705265 40.82111957376044, -73.95615427393327 40.82225797562543, -73.95574306955656 40.82287558489654, -73.95727774852912 40.82320648900828, -73.95814312643297 40.82302073871083, -73.95954648369189 40.8236568716786, -73.95726081743564 40.82711172049232, -73.95693710601441 40.82698756674208, -73.95630519844519 40.82793650596471, -73.95503913113517 40.82741345292111, -73.95469736123226 40.82791840153549, -73.9534708521888 40.82752592131583, -73.95218696274918 40.82892668637683, -73.95146373921256 40.82995033529691, -73.95085728630414 40.83121636507139, -73.94917082807663 40.83668014333772, -73.94852105078529 40.83634866699097, -73.94971383646286 40.83269649150552, -73.94107858204309 40.82908318828013, -73.94008773907041 40.83034967785467))",10031,0.001564426,0.055249599,0.015642072,0.592347112,3,0.664803209,1
5,Manhattan,"POLYGON ((-73.93439575536135 40.83610394068545, -73.93491790572467 40.83519342810474, -73.93514291963257 40.83275048473848, -73.93442124221117 40.82704014395416, -73.93396483800849 40.81972427828244, -73.93382728310257 40.81969831735175, -73.93382316715753 40.81949968615795, -73.94384274852182 40.82364782413489, -73.93972862463075 40.82930186115972, -73.93967968247685 40.82970254686012, -73.94008773907041 40.83034967785467, -73.93997525986644 40.83078770562273, -73.93939208403268 40.83152064201187, -73.93885319547719 40.83255914208199, -73.93814090955608 40.83330373505747, -73.93489763514887 40.83582227676596, -73.93440160458212 40.83646901780848, -73.93439575536135 40.83610394068545))",10039,0.0639561,0.21553202600000002,0.127761403,0.6754404970000001,3,1.082690026,-1
6,Manhattan,"POLYGON ((-73.93623227973836 40.82043594900477, -73.94180335488039 40.81281509007056, -73.94867681672001 40.81569231057291, -73.94475648732869 40.82403157957557, -73.93623227973836 40.82043594900477))",10030,0.0,0.028505052000000003,0.0,0.531162722,3,0.559667774,1
7,Manhattan,"POLYGON ((-73.96568887491037 40.80902621308557, -73.96442407769575 40.81075515833336, -73.9634767146014 40.81037321316466, -73.96305843786453 40.81094722012595, -73.96401951743952 40.81133069121485, -73.96374596077916 40.81186442047553, -73.96197563381331 40.81389455285185, -73.96056136920501 40.81588220335556, -73.96050599080101 40.81642127498117, -73.96080354828415 40.81714655381145, -73.96067221902307 40.81750429175458, -73.96199929512878 40.81813063146748, -73.95999619034812 40.82038517703892, -73.95982083225715 40.82030054866017, -73.95881888777046 40.82151095286332, -73.95894488058231 40.82156053948571, -73.95865934118942 40.82190896187452, -73.95851699517196 40.82183908538706, -73.95793904646612 40.82277437701529, -73.95822838350293 40.82288788614587, -73.95814312643297 40.82302073871083, -73.95727774852912 40.82320648900828, -73.95574306955656 40.82287558489654, -73.95615427393327 40.82225797562543, -73.95746185705265 40.82111957376044, -73.95820656423024 40.82085070937795, -73.9588738926919 40.82000554269312, -73.95227185224422 40.81722066710584, -73.95170372594359 40.81794207332058, -73.95087990584247 40.81839445721214, -73.94800732455235 40.81711652474162, -73.94867681672001 40.81569231057291, -73.94180335488039 40.81281509007056, -73.94317184200837 40.8109419478921, -73.93994875480017 40.80958144661189, -73.94275366131305 40.80574403684007, -73.9411669041814 40.80506317783419, -73.94299315982731 40.80256157048077, -73.95634493435124 40.80817337871826, -73.9549665695574 40.81006458045247, -73.95780889444416 40.81126480076146, -73.95827207859104 40.81062888928565, -73.95729537567624 40.81015445288457, -73.95715403660243 40.80958713182439, -73.95794861587581 40.80805341523943, -73.9593567476704 40.80612090623688, -73.96105362531289 40.80682096756859, -73.9620082796616 40.80550928432515, -73.96484783057795 40.80670634773313, -73.96390317193045 40.80800388441653, -73.96590008432324 40.80880536649463, -73.96568887491037 40.80902621308557))",10027,0.01700033,0.063770615,0.066437416,0.605999896,3,0.753208257,1
8,Manhattan,"POLYGON ((-73.93382316715753 40.81949968615795, -73.93381203921719 40.81563948472332, -73.93392531668036 40.81556335322747, -73.93396871587535 40.81453910570468, -73.93385530360429 40.81424226649133, -73.9343389762541 40.80961458994445, -73.93409543307838 40.80861747440834, -73.93325645971269 40.80723820911027, -73.9337948616089 40.80701033866798, -73.93435249340358 40.8075487251423, -73.9351052781961 40.80753987351334, -73.94317184200837 40.8109419478921, -73.93623227973836 40.82043594900477, -73.93382316715753 40.81949968615795))",10037,0.060936977,0.125541672,0.141148372,0.598858839,3,0.92648586,-1
9,Manhattan,"POLYGON ((-73.96590008432324 40.80880536649463, -73.96689075082833 40.80776451834099, -73.96880711754392 40.80442856683398, -73.97134705168688 40.80087452948901, -73.97277743106588 40.79972671810915, -73.9738635800676 40.79843623967481, -73.97414359285979 40.79776386384747, -73.97411451531811 40.7968647580111, -73.97425532410232 40.79658855857136, -73.97572323866528 40.79560765472964, -73.9760258411193 40.79521678856815, -73.97626246137298 40.79473546090477, -73.97636767715618 40.79368357423228, -73.97709165633408 40.79272358281384, -73.96700976022309 40.78847680965741, -73.97357116577913 40.77947788180905, -73.97642746465422 40.78065427073034, -73.97690313877095 40.77999737613274, -73.97974787055291 40.78119536260816, -73.97928494580403 40.78183902023342, -73.98081059690513 40.7824731961474, -73.98106345484025 40.78175075015363, -73.98445219960307 40.78319175363302, -73.98265479533252 40.78497060697607, -73.9841922514499 40.78561680269051, -73.98470913747732 40.78559570254689, -73.98473705705575 40.78504251482436, -73.98516250169958 40.7839982850751, -73.9865652634212 40.7820640384103, -73.98768599278554 40.78216290002316, -73.98039128153972 40.79280165603109, -73.97208360515059 40.80447745384041, -73.96860102560335 40.80902218301242, -73.96411270880478 40.81582017463987, -73.96199929512878 40.81813063146748, -73.96067221902307 40.81750429175458, -73.96080172434088 40.81711999754174, -73.96049221119767 40.81630456136205, -73.96062298848261 40.81574151726333, -73.96197563381331 40.81389455285185, -73.96374596077916 40.81186442047553, -73.96590008432324 40.80880536649463))",10024,0.091552383,0.045505536,0.0056281840000000005,0.632100885,3,0.774786988,1
10,Manhattan,"POLYGON ((-73.94459750483605 40.80322817350717, -73.94922045816276 40.79690988348276, -73.96107794068298 40.80180037261132, -73.9598267956781 40.80543487768492, -73.95794861587581 40.80805341523943, -73.95715403660243 40.80958713182439, -73.95729537567624 40.81015445288457, -73.95827207859104 40.81062888928565, -73.95780889444416 40.81126480076146, -73.9549665695574 40.81006458045247, -73.95634493435124 40.80817337871826, -73.94459750483605 40.80322817350717))",10026,0.009623505,0.054150183,0.021892484,0.529363692,3,0.615029864,1
11,Manhattan,"POLYGON ((-73.93325645971269 40.80723820911027, -73.9312930659983 40.80514603862122, -73.93030145791633 40.80379604589759, -73.92994789997809 40.80321327900868, -73.93002494995127 40.80307098392763, -73.92919790389367 40.80113478755312, -73.92903517334402 40.8010788052027, -73.92889711213249 40.79983848752264, -73.92896206982201 40.79830057422134, -73.92903193431519 40.79676431054668, -73.929270224409 40.79585608846016, -73.93018374377134 40.79459192808945, -73.93091566910087 40.79419631649108, -73.94646132906085 40.80066532888591, -73.94459750483605 40.80322817350717, -73.94299315982731 40.80256157048077, -73.9411669041814 40.80506317783419, -73.94275366131305 40.80574403684007, -73.93994875480017 40.80958144661189, -73.9351052781961 40.80753987351334, -73.93435249340358 40.8075487251423, -73.9337948616089 40.80701033866798, -73.93325645971269 40.80723820911027))",10035,0.041599839,0.057040379,0.046405771,0.561398122,3,0.706444111,1
12,Manhattan,"POLYGON ((-73.9593567476704 40.80612090623688, -73.9598267956781 40.80543487768492, -73.96107794068298 40.80180037261132, -73.95819500754443 40.80055251408989, -73.96700976022309 40.78847680965741, -73.97709165633408 40.79272358281384, -73.97636767715618 40.79368357423228, -73.97626246137298 40.79473546090477, -73.9760258411193 40.79521678856815, -73.97572323866528 40.79560765472964, -73.97425532410232 40.79658855857136, -73.97411451531811 40.7968647580111, -73.97414359285979 40.79776386384747, -73.9738635800676 40.79843623967481, -73.97277743106588 40.79972671810915, -73.97134705168688 40.80087452948901, -73.96880711754392 40.80442856683398, -73.96689075082833 40.80776451834099, -73.96590008432324 40.80880536649463, -73.96390317193045 40.80800388441653, -73.96484783057795 40.80670634773313, -73.9620082796616 40.80550928432515, -73.96105362531289 40.80682096756859, -73.9593567476704 40.80612090623688))",10025,0.11344756,0.098460517,0.026195507000000003,0.671839082,3,0.909942666,-1
13,Manhattan,"POLYGON ((-73.94646132906085 40.80066532888591, -73.93091566910087 40.79419631649108, -73.9333037696486 40.79287694754548, -73.93582854012827 40.79109740692854, -73.93706994781985 40.78938600981628, -73.93811265834771 40.7871875499842, -73.93982714391372 40.78526000729506, -73.94245453709718 40.78390621954082, -73.94319247232569 40.78339302416044, -73.94359174329144 40.78283206813168, -73.95577163845807 40.78790547084704, -73.94646132906085 40.80066532888591))",10029,0.059111502,0.10019832099999999,0.070131028,0.48798774100000003,3,0.7174285920000001,1
14,Manhattan,"POLYGON ((-73.94359174329144 40.78283206813168, -73.94387854763119 40.78127820667923, -73.94321221275864 40.77927610095739, -73.94297133463361 40.77962176405364, -73.94271119277107 40.77952430243633, -73.94271276783823 40.77921505994166, -73.94255069196532 40.77914809084616, -73.94289425805796 40.77861165228666, -73.94252771555604 40.77765553451371, -73.94300629896043 40.77749182492855, -73.94427810415844 40.77560734645817, -73.94477818193836 40.77582281365468, -73.94527480106927 40.77514818859739, -73.94712143173693 40.77592965792302, -73.94662848480695 40.77660409264245, -73.95992093682813 40.78221296437616, -73.95577163845807 40.78790547084704, -73.94359174329144 40.78283206813168))",10128,0.17682362199999999,0.084398185,0.016751249,0.544356925,3,0.822329981,2
15,Manhattan,"POLYGON ((-73.99306672475984 40.77433850654827, -73.98963766661983 40.77295649332293, -73.98704451971062 40.77660488774179, -73.98823352437793 40.77716166985338, -73.98714973757546 40.77928691853204, -73.98674581818847 40.78058402788437, -73.98821069346344 40.78122505891703, -73.98768599278554 40.78216290002316, -73.9865652634212 40.7820640384103, -73.98516250169958 40.7839982850751, -73.98473705705575 40.78504251482436, -73.98470913747732 40.78559570254689, -73.9841922514499 40.78561680269051, -73.98265479533252 40.78497060697607, -73.98445219960307 40.78319175363302, -73.98106345484025 40.78175075015363, -73.98081059690513 40.7824731961474, -73.97928494580403 40.78183902023342, -73.97974787055291 40.78119536260816, -73.97690313877095 40.77999737613274, -73.97642746465422 40.78065427073034, -73.97357116577913 40.77947788180905, -73.98164276308029 40.76843818452373, -73.98127942848953 40.76800974299721, -73.98163627319613 40.76764488303195, -73.98214099885266 40.76767624947194, -73.9824539026136 40.76801208634977, -73.98242595187051 40.76827499311975, -73.9821910490971 40.76843275229064, -73.98220500852914 40.76893917961924, -73.9843193677394 40.76984201633277, -73.98477434066237 40.76921933332314, -73.99386535381521 40.77305739204924, -73.99379753570523 40.77342509886936, -73.99306672475984 40.77433850654827))",10023,0.233117682,0.099305004,0.066798593,0.598393712,3,0.9976149910000001,2
16,Manhattan,"POLYGON ((-73.95992093682813 40.78221296437616, -73.94662848480695 40.77660409264245, -73.94712143173693 40.77592965792302, -73.94527480106927 40.77514818859739, -73.94477818193836 40.77582281365468, -73.94427810415844 40.77560734645817, -73.94300629896043 40.77749182492855, -73.94252771555604 40.77765553451371, -73.94240874833741 40.77718359829133, -73.94207149305245 40.77692144332865, -73.94197133914595 40.77637873024383, -73.94210786408009 40.77595180035085, -73.94241889865924 40.77576210320621, -73.9427515599061 40.77494873492299, -73.94355736955913 40.77394221891133, -73.94747457992891 40.7701410515559, -73.94769770056337 40.77023186076828, -73.94653116921268 40.77145404773719, -73.94711811963955 40.77171281078474, -73.94758356868442 40.77107963375616, -73.94993704268983 40.77207366801167, -73.94947623620192 40.77270784073155, -73.9540926544297 40.77465627714582, -73.9545551965945 40.77402032096121, -73.96322991306303 40.77767706998322, -73.95992093682813 40.78221296437616))",10028,0.165135155,1.0,1.0,0.536329402,2,2.7014645569999995,-1
17,Manhattan,"POLYGON ((-73.94908345691881 40.76828439957028, -73.95232471528539 40.76453994029583, -73.95470085007233 40.76554539429569, -73.95515920168289 40.76491803031247, -73.9684450875844 40.77051271532734, -73.96468735882094 40.77567710275721, -73.95022258897437 40.76957692192602, -73.95008118613985 40.76950167320678, -73.95051825235559 40.7688736434247, -73.94908345691881 40.76828439957028))",10021,0.19502837899999997,0.066805027,0.009418308,0.536206109,3,0.807457823,2
18,Manhattan,"POLYGON ((-73.96025188116326 40.75160173916333, -73.95930177684274 40.75327932065025, -73.95844140403103 40.75392661295977, -73.95409611755807 40.75900913760916, -73.95211797592772 40.76084864904023, -73.95162805900804 40.76169026401909, -73.95015562275987 40.76347088102657, -73.94905150682256 40.76427297250176, -73.94591187456361 40.76821213061073, -73.94519044551978 40.7687610807312, -73.94514864949124 40.76911287681024, -73.94468444176418 40.76981742230175, -73.94214109368411 40.77202520799199, -73.94080670541729 40.77241495689034, -73.94028695619137 40.77293109936603, -73.94007513458918 40.77291651110901, -73.94028188346618 40.77229910379099, -73.94022601401105 40.7708303917161, -73.9411405666542 40.76939891966539, -73.94282981252708 40.76832153955499, -73.94943175296811 40.76054863363613, -73.95177822494074 40.75840256326599, -73.95288366836812 40.75671503376615, -73.95519503423917 40.75477453847945, -73.95794360963475 40.7520817436999, -73.95902169181394 40.75139031776102, -73.96121825213025 40.74948698083267, -73.96157158279377 40.74940690738399, -73.9615424046855 40.74984935231389, -73.96120354981727 40.75020773554125, -73.96101163761999 40.75078461142345, -73.96025188116326 40.75160173916333))",10044,0.307825686,0.8191635909999999,0.401314401,0.5209880720000001,2,2.04929175,-1
19,Manhattan,"POLYGON ((-73.98134106844775 40.7586453238513, -73.97811606058137 40.7572844526636, -73.98088709157031 40.7534810096919, -73.98411754582567 40.75484207137544, -73.98459583212677 40.75417696000643, -73.99273700488898 40.75760450929245, -73.99395968106315 40.75825276964805, -74.00170164222186 40.76138075542977, -74.00116297247455 40.76202186185266, -73.99925483970868 40.7635132508102, -73.99773597314044 40.76555799023598, -73.98134106844775 40.7586453238513))",10036,0.37072522799999996,0.107607566,0.173352975,0.673935002,0,1.325620771,-1
20,Manhattan,"POLYGON ((-74.00170164222186 40.76138075542977, -73.99395968106315 40.75825276964805, -73.99273700488898 40.75760450929245, -73.98459583212677 40.75417696000643, -73.98411754582567 40.75484207137544, -73.98088709157031 40.7534810096919, -73.98227489448695 40.75157732130532, -73.98067344551319 40.75090512790332, -73.98112322321491 40.75028247743938, -73.98272387083382 40.75095896624622, -73.98407634983731 40.74910215123606, -74.00443481918559 40.75769386681482, -74.00584854276795 40.75581452793569, -74.0063497724842 40.7560315564691, -74.00539548827581 40.75734829035486, -74.0051059765011 40.75746485411261, -74.00500749749396 40.75790354393311, -74.0032114988318 40.76034815519167, -74.00263387432599 40.76015187964796, -74.00170164222186 40.76138075542977))",10018,0.351754115,0.163290713,0.173068985,0.704675043,0,1.392788856,-1
21,Manhattan,"POLYGON ((-73.97720025859628 40.75853795896472, -73.97811606058137 40.7572844526636, -73.98134106844775 40.7586453238513, -73.97997187582975 40.76052472469338, -73.97798851126838 40.75968958326936, -73.97844979861895 40.75906503534943, -73.97720025859628 40.75853795896472))",10020,0.994153541,0.23069584199999998,0.6080775429999999,0.8944271909999999,1,2.727354117,-1
22,Manhattan,"POLYGON ((-73.97765482424467 40.75791144608969, -73.96529770902252 40.75264583762442, -73.96459499710154 40.75243977267625, -73.96344402771206 40.75349010695482, -73.96320189771842 40.75336758090909, -73.96598612327222 40.75029814416708, -73.96837339634649 40.74744181636938, -73.96823192938736 40.74737533897918, -73.96843697818686 40.74712646567158, -73.96877844594512 40.74730154784091, -73.96866789358177 40.74746628797227, -73.97027117732702 40.74814216291654, -73.9707803078373 40.74754349253402, -73.98182243630839 40.75219714903956, -73.97765482424467 40.75791144608969))",10017,0.5289090999999999,0.18143529600000002,0.1595818,0.769653162,0,1.639579358,-1
23,Manhattan,"POLYGON ((-74.00827017711134 40.75258714368449, -74.00762507843844 40.75427918134466, -74.0063497724842 40.7560315564691, -74.00584854276795 40.75581452793569, -74.00443481918559 40.75769386681482, -73.98407634983731 40.74910215123606, -73.98819360327555 40.7434507585644, -73.99141858532784 40.74480270280026, -73.99231888616656 40.74356834094626, -73.99800821278407 40.74595132403083, -73.99755164550196 40.74658092322428, -73.99776021780829 40.74666960213552, -74.00039850665578 40.74776791495771, -74.00084826591039 40.74714679551053, -74.0084863972116 40.75035690472316, -74.00771262087274 40.75244403348591, -74.00827017711134 40.75258714368449))",10001,0.272183932,0.21134528600000002,0.18428825899999998,0.773463812,3,1.441281289,-1
24,Manhattan,"POLYGON ((-73.99231888616656 40.74356834094626, -73.99416491652708 40.74103096024326, -73.99094521451195 40.7396734013892, -73.99697434816771 40.73140885425229, -73.99556244613166 40.73071524055666, -73.99657214974589 40.72955224852642, -74.00095441302535 40.73170612172334, -73.99918779333343 40.73413485268567, -73.99965309527676 40.73406974469796, -74.00278934381461 40.73939605214191, -74.00252381552642 40.73975266366025, -74.00880950909432 40.74237800349779, -74.00874808105286 40.74267437311526, -74.00963406333656 40.74295155767771, -74.00945255138471 40.74397253492263, -74.00890222701298 40.74392047905555, -74.00872736326855 40.74492944174398, -74.00956057606966 40.74505535196703, -74.00894640506142 40.74841406592841, -74.0100864024424 40.74853348782033, -74.00954164044062 40.75005116701184, -74.00921370133835 40.74996684151542, -74.00827017711134 40.75258714368449, -74.00771262087274 40.75244403348591, -74.0084863972116 40.75035690472316, -74.00084826591039 40.74714679551053, -74.00039850665578 40.74776791495771, -73.99776021780829 40.74666960213552, -73.99755164550196 40.74658092322428, -73.99800821278407 40.74595132403083, -73.99231888616656 40.74356834094626))",10011,0.067234213,0.044627888,0.10671952800000001,0.7131470259999999,3,0.9317286549999999,0
25,Manhattan,"POLYGON ((-73.98182243630839 40.75219714903956, -73.9707803078373 40.74754349253402, -73.97027117732702 40.74814216291654, -73.96866789358177 40.74746628797227, -73.96877844594512 40.74730154784091, -73.96843697818686 40.74712646567158, -73.97078815782022 40.74440378123499, -73.97094377426424 40.74446839233467, -73.97169899854326 40.74302521023861, -73.97213815218443 40.74319577516442, -73.97244629659694 40.74292774587928, -73.97283265146132 40.74191453677798, -73.97338707003932 40.73919866802004, -73.97378552702807 40.73835503526489, -73.9748212777202 40.73703662791789, -73.97760270058519 40.7381718167862, -73.97714764854395 40.73879548459696, -73.98497775243612 40.74208897785685, -73.98452913601977 40.7427081196578, -73.98774683765608 40.7440655536138, -73.98272387083382 40.75095896624622, -73.98112322321491 40.75028247743938, -73.98067344551319 40.75090512790332, -73.98227489448695 40.75157732130532, -73.98182243630839 40.75219714903956))",10016,0.270763433,0.064303683,0.056045632000000005,0.683168758,3,1.074281506,2
26,Manhattan,"POLYGON ((-73.98774683765608 40.7440655536138, -73.98452913601977 40.7427081196578, -73.98497775243612 40.74208897785685, -73.97714764854395 40.73879548459696, -73.97760270058519 40.7381718167862, -73.97487981355269 40.73703886675607, -73.97378552702807 40.73835503526489, -73.97338707003932 40.73919866802004, -73.97283265146132 40.74191453677798, -73.97244629659694 40.74292774587928, -73.97213815218443 40.74319577516442, -73.97169899854326 40.74302521023861, -73.97188537590596 40.74272543570639, -73.97174963996802 40.74267293715593, -73.97196464286472 40.74234046398539, -73.9722958031553 40.74072444635904, -73.97216767098467 40.74068821417498, -73.97229861484297 40.74003858830118, -73.9724418579199 40.74002514297308, -73.97266377698929 40.73923130769349, -73.97249870358637 40.73579877024189, -73.9729156661846 40.73578939842119, -73.97469772268479 40.73652838041297, -73.97477563727595 40.73621341250501, -73.97475543046079 40.73530907850526, -73.97380924624134 40.73183489608346, -73.97334560511622 40.73105318716372, -73.97345725954919 40.73070787427551, -73.97397762172241 40.731449329384, -73.97422757839838 40.7327558439044, -73.97532247339407 40.73303134387938, -73.98450756332649 40.73696250930074, -73.98408212706875 40.73754553806199, -73.98730154857888 40.73890304604819, -73.98772624018376 40.73831685815387, -73.99416491652708 40.74103096024326, -73.99141858532784 40.74480270280026, -73.98819360327555 40.7434507585644, -73.98774683765608 40.7440655536138))",10010,0.248081147,0.089579705,0.113734196,0.729241635,3,1.1806366830000001,-1
27,Manhattan,"POLYGON ((-74.00095441302535 40.73170612172334, -74.00213898854658 40.72979576458265, -74.00280854961393 40.72836539042547, -74.00214891904179 40.72803537988616, -74.00312206874118 40.72687714659273, -74.00884511504479 40.72747017195687, -74.00859270948662 40.72891530405671, -74.00934962040236 40.72898758294411, -74.00990680621175 40.72607226876425, -74.01160379284916 40.72623919609031, -74.01139165264287 40.7282161340609, -74.01489104433381 40.72852289370385, -74.01483072115157 40.72867424097841, -74.01436331975002 40.72861881088543, -74.0140528033096 40.73068199893959, -74.01117465578817 40.73045339416476, -74.01039475740829 40.73913576641184, -74.01166431224308 40.73926449392, -74.0114584884133 40.74081129967432, -74.00966741207785 40.74073747377694, -74.0092917723409 40.74280634214534, -74.00874808105286 40.74267437311526, -74.00880950909432 40.74237800349779, -74.00252381552642 40.73975266366025, -74.00278934381461 40.73939605214191, -73.99965309527676 40.73406974469796, -73.99918779333343 40.73413485268567, -74.00095441302535 40.73170612172334))",10014,0.013906652,0.049823708,0.156208071,0.8661380790000001,3,1.08607651,-1
28,Manhattan,"POLYGON ((-73.97986374196766 40.73497446573838, -73.98863957033585 40.7229322499158, -73.99260322757122 40.72413646995786, -73.99154832687323 40.72708949158592, -73.99657214974589 40.72955224852642, -73.99556244613166 40.73071524055666, -73.99697434816771 40.73140885425229, -73.99094521451195 40.7396734013892, -73.98772624018376 40.73831685815387, -73.98730154857888 40.73890304604819, -73.98408212706875 40.73754553806199, -73.98450756332649 40.73696250930074, -73.97986374196766 40.73497446573838))",10003,0.07442014799999999,0.037528312,0.039876181000000004,0.771552217,3,0.923376858,0
29,Manhattan,"POLYGON ((-73.97441674489379 40.73642441865476, -73.97450449496019 40.73563308718332, -73.97421859238608 40.73564056888669, -73.97327559147712 40.73513158317419, -73.97354616044402 40.73493824536315, -73.97403246223399 40.7351468605501, -73.97380079041261 40.73424075479527, -73.9741825110309 40.73427477395008, -73.97395288057656 40.73338209182307, -73.97365008430604 40.73317919158349, -73.97386750031377 40.73303588293147, -73.97342032308187 40.73129433266645, -73.97197984259645 40.73002416256748, -73.97156968004504 40.72945050470356, -73.97141863377279 40.72893415077406, -73.97156128882759 40.72770507629649, -73.97144662795941 40.72765472838741, -73.97163519037665 40.72765444810735, -73.97167264112232 40.72743584259512, -73.9714961156689 40.72741848314708, -73.97176935741716 40.72581105101681, -73.973476987278 40.71887903881301, -73.974869782192 40.71517722989618, -73.97669586935731 40.71155932662336, -73.9779941940137 40.71056447085009, -73.98128866027025 40.71022341586406, -73.98123989705152 40.70982434650689, -73.98839850933068 40.70913308937124, -73.98863423510647 40.70990897513804, -73.98894662917699 40.70995360786467, -73.9971118238817 40.70878453123958, -73.99847085128536 40.70839090339755, -73.99864747155051 40.70812991947483, -73.99922203190233 40.7078699274108, -73.9996346132674 40.70819684472372, -73.99854508969881 40.70882630326852, -73.99608811355304 40.70919833175014, -73.99753100769797 40.71402252206497, -73.994996603495 40.71804973934692, -73.99260322993852 40.72413646995802, -73.97888684949882 40.7199927901085, -73.97722422258421 40.71930970938422, -73.97495552579649 40.71897253578847, -73.97449444901332 40.72224717945813, -73.97222024875163 40.72616343081368, -73.97186502795931 40.72775682120928, -73.97208418573008 40.72935090556037, -73.9724930091715 40.72997752648989, -73.97345725836539 40.73070787427524, -73.97334560393176 40.73105318896443, -73.97385532725802 40.73198593170253, -73.97475543282883 40.73530907760529, -73.97469772268479 40.73652838041297, -73.97441674489379 40.73642441865476))",10002,0.085004341,0.072209455,0.052385852000000004,0.819117966,3,1.028717614,0
30,Manhattan,"POLYGON ((-73.97345725954919 40.73070787427551, -73.97249301153902 40.72997752649044, -73.9720841869138 40.72935090556066, -73.97186502677638 40.72775681940796, -73.97222024875201 40.72616342991315, -73.97449444901366 40.72224717855764, -73.97495552697968 40.71897253668923, -73.97722422258421 40.71930970938422, -73.97888685068243 40.71999279010872, -73.98863957033585 40.7229322499158, -73.97986374196766 40.73497446573838, -73.97532247339407 40.73303134387938, -73.97422757839838 40.7327558439044, -73.97397762172241 40.731449329384, -73.97345725954919 40.73070787427551))",10009,0.012991931000000002,0.102571704,0.142378685,0.6230298089999999,3,0.8809721289999999,1
31,Manhattan,"POLYGON ((-73.99657214974589 40.72955224852642, -73.99154832687323 40.72708949158592, -73.99439810650215 40.71945747886536, -73.99969736594811 40.7217151528207, -74.00457474440742 40.7241731548283, -74.00373017300889 40.72625007261896, -74.00214891904179 40.72803537988616, -74.00280854961393 40.72836539042547, -74.00213898854658 40.72979576458265, -74.00095441302535 40.73170612172334, -73.99657214974589 40.72955224852642))",10012,0.021909407000000002,0.026378696,0.05700401,0.8274823609999999,3,0.9327744739999999,0
32,Manhattan,"POLYGON ((-74.00373017537623 40.72625007171835, -74.00457474322378 40.72417315482835, -73.99969736594811 40.7217151528207, -73.99439810650206 40.71945747976586, -73.99510494018048 40.71783451311619, -73.99614755396055 40.71605066204842, -73.99756144160604 40.71392811409916, -73.99794987302673 40.71367226053373, -73.99853551056803 40.71344591985708, -74.00624900897965 40.71707573817027, -74.00793943729164 40.71492699414107, -74.01338737921822 40.71743750905723, -74.01160379284916 40.72623919609031, -74.00990680502794 40.72607226786386, -74.00934962040236 40.72898758294411, -74.00859270948662 40.72891530405671, -74.00884511741211 40.72747017105617, -74.00312206874112 40.72687714569224, -74.00373017537623 40.72625007171835))",10013,0.11098825300000001,0.564836462,0.115178876,0.857006339,3,1.6480099300000002,-1
33,Manhattan,"POLYGON ((-74.01361734313505 40.71630795875016, -74.01338737921822 40.71743750905723, -74.00793943729164 40.71492699414107, -74.00624900897965 40.71707573817027, -73.99853551056803 40.71344591985708, -74.00218358394152 40.71267667253717, -74.00349443783057 40.71196095667498, -74.00449835462935 40.71276278512289, -74.00551633163221 40.71218046977318, -74.00861759635661 40.71136879857202, -74.00998738339328 40.70980569640762, -74.01123100044997 40.71036688375349, -74.01015299270881 40.71206448722059, -74.01420569583551 40.71388576523014, -74.01361734313505 40.71630795875016))",10007,0.528250439,0.202275646,0.16692885,0.8266144209999999,0,1.724069356,-1
34,Manhattan,"POLYGON ((-73.99922642801454 40.70787485413706, -73.99978643662196 40.70772165797484, -74.00016944819301 40.70731957709182, -74.00216364801439 40.70648910087558, -74.00579655646256 40.70420275224809, -74.00596661578348 40.7043243225291, -74.00466551829473 40.70515332690227, -74.00928620764611 40.70855632218312, -74.01054246343901 40.70915416953688, -74.00861759635661 40.71136879857202, -74.00551633163221 40.71218046977318, -74.00449835462935 40.71276278512289, -74.00349443783057 40.71196095667498, -74.00218358394152 40.71267667253717, -73.99890225039073 40.71330304803934, -73.99794987302673 40.71367226053373, -73.99753100769797 40.71402252206497, -73.99608811355304 40.70919833175014, -73.99858442064794 40.7088098901439, -73.9996346132674 40.70819684472372, -73.99922642801454 40.70787485413706))",10038,0.33327730699999997,0.118412349,0.170318954,0.501115296,0,1.123123906,-1
35,Manhattan,"POLYGON ((-74.01123100044997 40.71036688375349, -74.00998738339328 40.70980569640762, -74.01325396442309 40.7058705344128, -74.01433111256102 40.70624212834402, -74.01495064653257 40.70480894499519, -74.01565723232109 40.70495240789771, -74.01510396620581 40.70639313983766, -74.0159049048933 40.70665765711899, -74.01445527127549 40.71039143216063, -74.01440986254988 40.7109915779047, -74.01167375738106 40.70968742222526, -74.01123100044997 40.71036688375349))",10006,0.586426301,0.10434172900000001,0.195081499,0.41947769700000004,0,1.3053272260000002,-1
36,Manhattan,"POLYGON ((-74.00596661578348 40.7043243225291, -74.00777386553233 40.70318429748087, -74.00797948938948 40.70318877426165, -74.00976827243134 40.70479742739337, -74.01000178410375 40.70514476524819, -74.00986580839988 40.70579645010789, -74.01247340592305 40.7068142656926, -74.01054246343901 40.70915416953688, -74.00928620764611 40.70855632218312, -74.00466551829473 40.70515332690227, -74.00596661578348 40.7043243225291))",10005,0.656072667,0.31246984699999997,0.305802782,0.464525797,0,1.738871093,-1
37,Manhattan,"POLYGON ((-74.00596661578348 40.7043243225291, -74.00579655646256 40.70420275224809, -74.00913099932903 40.70200764584925, -74.01119160066759 40.70146699200691, -74.01113629939026 40.70133207006609, -74.0112877173671 40.70125448791902, -74.01077953310801 40.70018098223711, -74.01116951086703 40.70089590207714, -74.01135665675511 40.70085356150123, -74.01135003215003 40.70056348742459, -74.01152433784661 40.70081571972828, -74.0117292181687 40.70077020696683, -74.01172675430917 40.70055955494434, -74.01186538229609 40.70073882277413, -74.01207187251241 40.70069324620041, -74.01186102428976 40.70013931453465, -74.01196772450461 40.70003311060199, -74.01245920635638 40.70068188908997, -74.01258847960234 40.70061695531124, -74.0125806402546 40.70010661617658, -74.01291977368739 40.70051812072401, -74.01311061953423 40.70050494086146, -74.01308089514148 40.69973614015825, -74.01329023976517 40.70049035718041, -74.01347218895309 40.70047799180809, -74.0135285362917 40.70013873799174, -74.01368843517231 40.70012052964267, -74.01353777133978 40.70093712096981, -74.01395112144857 40.70099049538402, -74.01408862890077 40.70054368059645, -74.01494387594663 40.70094095157379, -74.01514260379328 40.70084297871162, -74.0168886794238 40.70241007403555, -74.01748943608153 40.70312865125543, -74.01769005852147 40.703712028813, -74.01767929694671 40.70389194098998, -74.01725122221299 40.70386543184481, -74.01649010560854 40.70430470851331, -74.01645381819662 40.70509355012228, -74.0159049048933 40.70665765711899, -74.01510396620581 40.70639313983766, -74.01565723232109 40.70495240789771, -74.01495064653257 40.70480894499519, -74.01433111256102 40.70624212834402, -74.01325396442309 40.7058705344128, -74.01247340592305 40.7068142656926, -74.00986580839988 40.70579645010789, -74.01000178410375 40.70514476524819, -74.00976827243134 40.70479742739337, -74.00797948938948 40.70318877426165, -74.00777386553233 40.70318429748087, -74.00596661578348 40.7043243225291))",10004,0.614680805,0.25445947,0.269438195,0.46536729200000004,0,1.6039457620000002,-1
38,Manhattan,"POLYGON ((-74.01663881679119 40.71216828448027, -74.01567593771313 40.71180484653575, -74.01637988966199 40.71008177415549, -74.01468310237752 40.70979656993839, -74.01641605432789 40.70521928943269, -74.01649010620974 40.70430713899403, -74.01725122284195 40.70386786232571, -74.01767929759129 40.70389437147087, -74.01749075160845 40.70467903584944, -74.01811203909881 40.70454632682976, -74.01891683787066 40.70474741578866, -74.01934973563436 40.70609705384606, -74.01912588337478 40.70698689462325, -74.01858441126402 40.7068716044067, -74.01818403852589 40.70784506067505, -74.01886227709862 40.70804304688576, -74.01787127799766 40.71236229127062, -74.01663881679119 40.71216828448027))",10280,0.42344422299999995,0.387874227,0.270498785,0.634532567,0,1.7163498019999999,-1
39,Manhattan,"POLYGON ((-73.99309797033558 40.77272857861628, -73.98477434066237 40.76921933332314, -73.9843193677394 40.76984201633277, -73.98220500852914 40.76893917961924, -73.9821910490971 40.76843275229064, -73.98247619337887 40.76810255433464, -73.98214099885266 40.76767624947194, -73.98163627319613 40.76764488303195, -73.98136284209183 40.76783455003186, -73.97301486574793 40.7642789064174, -73.97674467174674 40.75916475884637, -73.97997187582975 40.76052472469338, -73.98134106844775 40.7586453238513, -73.99773597314044 40.76555799023598, -73.99909766419385 40.76368004467359, -74.00116297247455 40.76202186185266, -74.00263387432599 40.76015187964796, -74.0032114988318 40.76034815519167, -74.00085463416175 40.76370011007131, -73.99985795947288 40.76336895273649, -73.99958549403439 40.76361233224881, -73.99854330713499 40.76505392276879, -73.99868466089653 40.76522941648587, -73.99837687330535 40.76538932225254, -73.99646711884036 40.76808809291084, -73.99728252518568 40.76844158338811, -73.99586440428153 40.77053277575308, -73.99513288994916 40.771455318102, -73.99494881610995 40.77146990463371, -73.99502272733378 40.7716066042242, -73.99434231908013 40.77252494815915, -73.99416284969816 40.77248707575785, -73.9938383514649 40.7730462090637, -73.99309797033558 40.77272857861628))",10019,0.468684985,0.14793756800000002,0.245007683,0.764141348,0,1.625771584,-1
40,Manhattan,"POLYGON ((-73.97724001995533 40.76055176650466, -73.97699073059432 40.76081384486901, -73.9760388767792 40.76041179163621, -73.97639619764085 40.7599226482283, -73.97739128944789 40.76034297827155, -73.97724001995533 40.76055176650466))",10103,1.0,0.176714622,0.336961777,1.0,1,2.513676399,-1
41,Manhattan,"POLYGON ((-73.99354429715636 40.75145260806616, -73.99319540413491 40.7519236974734, -73.9911532547905 40.7510832247518, -73.99150214565974 40.75061488891575, -73.99354429715636 40.75145260806616))",10119,0.608840312,0.024049689,0.617591503,0.0,0,1.2504815040000001,-1
42,Manhattan,"POLYGON ((-73.97255352326927 40.76489775892639, -73.96267526165872 40.76071807006688, -73.96162025700741 40.7600950712547, -73.96152145174365 40.76023108654937, -73.95851587740417 40.75893224761831, -73.95916738863393 40.75802371509656, -73.95906020787648 40.75796853102883, -73.96076305849375 40.7557070654357, -73.96163888900261 40.75515646277299, -73.96320189771842 40.75336758090909, -73.96344402771206 40.75349010695482, -73.96459499710154 40.75243977267625, -73.96649172613814 40.75310026032344, -73.97765482424467 40.75791144608969, -73.97255352326927 40.76489775892639))",10022,0.413359766,0.09670981199999999,0.103973404,0.6775295029999999,0,1.2915724849999999,-1
43,Manhattan,"POLYGON ((-73.95232471528539 40.76453994029583, -73.9544236824416 40.76218927306042, -73.95906020787648 40.75796853102883, -73.95916738863393 40.75802371509656, -73.95851587740417 40.75893224761831, -73.96152145174365 40.76023108654937, -73.96162025700741 40.7600950712547, -73.96267526165872 40.76071807006688, -73.97255352326927 40.76489775892639, -73.9684450875844 40.77051271532734, -73.95515920168289 40.76491803031247, -73.95470085007233 40.76554539429569, -73.95232471528539 40.76453994029583))",10065,0.191711152,0.078691346,0.074222099,0.566769072,3,0.911393669,2
44,Manhattan,"POLYGON ((-73.94908345691881 40.76828439957028, -73.95051825235559 40.7688736434247, -73.95008118613985 40.76950167320678, -73.95022258897437 40.76957692192602, -73.96468735882094 40.77567710275721, -73.96322991306303 40.77767706998322, -73.9545551965945 40.77402032096121, -73.9540926544297 40.77465627714582, -73.94947623620192 40.77270784073155, -73.94993704268983 40.77207366801167, -73.94758356868442 40.77107963375616, -73.94711811963955 40.77171281078474, -73.94653116921268 40.77145404773719, -73.94769770056337 40.77023186076828, -73.94747457992891 40.7701410515559, -73.94908345691881 40.76828439957028))",10075,0.156340915,0.04150742,0.000296151,0.536773642,3,0.734918128,2
45,Manhattan,"POLYGON ((-73.98821069346344 40.78122505891703, -73.98674581818847 40.78058402788437, -73.98714973757546 40.77928691853204, -73.98823352437793 40.77716166985338, -73.98704451971062 40.77660488774179, -73.98963766661983 40.77295649332293, -73.99306672475984 40.77433850654827, -73.99262856264635 40.77497398481884, -73.99228860524347 40.77512870044195, -73.99238973243683 40.7755464044, -73.99092790884121 40.77756830928278, -73.99037528646151 40.77766175009686, -73.98885848015084 40.77973648204878, -73.98891962455777 40.78023045920453, -73.98821069346344 40.78122505891703))",10069,0.767426119,0.34378793700000004,0.230549812,0.659380473,1,2.0011443410000003,-1
46,Manhattan,"POLYGON ((-74.01468310237752 40.70979656993839, -74.01637988966199 40.71008177415549, -74.01567593771313 40.71180484653575, -74.01663881679119 40.71216828448027, -74.01662771280506 40.71279989704232, -74.01633353370087 40.71340935067629, -74.01678106635167 40.71400055969846, -74.01619864973256 40.71476922065405, -74.01375386894121 40.7136930027943, -74.01468310237752 40.70979656993839))",10281,0.835113001,0.354660619,0.126850543,0.774596669,1,2.091220832,-1
47,Manhattan,"POLYGON ((-74.01322730659011 40.71832262621834, -74.01420569583551 40.71388576523014, -74.01619864914188 40.71476679017664, -74.01678106573976 40.71399812922081, -74.01633353310528 40.71340692019842, -74.01763362065076 40.71360712350674, -74.01670608777439 40.7186509789678, -74.01322730659011 40.71832262621834))",10282,0.46844528799999996,0.410335794,0.34603335,0.40824829,0,1.633062722,-1
